<?xml version="1.0" encoding="UTF-8"?>
<eml:eml xmlns:eml="eml://ecoinformatics.org/eml-2.1.1" xmlns:dc="http://purl.org/dc/terms/" xmlns:xsi="http://www.w3.org/2001/XMLSchema-instance" xsi:schemaLocation="eml://ecoinformatics.org/eml-2.1.1 http://rs.gbif.org/schema/eml-gbif-profile/1.0.1/eml.xsd" packageId="73fc2964-6b67-467e-bc0f-ec8ac43e910a" system="https://symbiota.org" scope="system" xml:lang="eng"><dataset><alternateIdentifier>https://serv.biokic.asu.edu/ecdysis/collections/misc/collprofiles.php?collid=4</alternateIdentifier><title xml:lang="eng">M. Andrew Johnston Research Collection</title><creator id="b925ff4c-8eba-495c-b5ed-852c7affb2ea"><organizationName>Ecdysis Portal</organizationName><electronicMailAddress>ajohnston@asu.edu</electronicMailAddress><onlineUrl>https://serv.biokic.asu.edu/ecdysis/index.php</onlineUrl></creator><metadataProvider><organizationName>Ecdysis Portal</organizationName><electronicMailAddress>ajohnston@asu.edu</electronicMailAddress><onlineUrl>https://serv.biokic.asu.edu/ecdysis/index.php</onlineUrl></metadataProvider><pubDate>2021-01-21</pubDate><language>eng</language><abstract><para>The M. Andrew Johnston Research Collection is comprised primarily of beetles, especially darkling beetles (family Tenebrionidae Latreille, 1802). The MAJC has an emphasis on specimens from the southwestern deserts of North America and others pertaining to ongoing systematic research. The collection contains roughly 20,000 pinned specimens, a frozen tissue collection stored in ethanol, and full body disarticulations for morphological examination.</para></abstract><contact><individualName> Andrew Johnston</individualName><organizationName>M. Andrew Johnston Research Collection</organizationName><phone></phone><electronicMailAddress>ajohnston@asu.edu</electronicMailAddress><onlineUrl>https://github.com/mandrewj/majc</onlineUrl><address><deliveryPoint></deliveryPoint><city></city><administrativeArea></administrativeArea><postalCode></postalCode><country></country></address></contact><associatedParty><individualName> Andrew Johnston</individualName><electronicMailAddress>ajohnston@asu.edu</electronicMailAddress><role>contentProvider</role></associatedParty><associatedParty><individualName>Andrew Johnston</individualName><positionName>Curator and Collection Manager</positionName><electronicMailAddress>ajohnston@asu.edu</electronicMailAddress><userId>https://orcid.org/0000-0002-0166-6985</userId><role>contentProvider</role></associatedParty><intellectualRights><para>To the extent possible under law, the publisher has waived all rights to these data and has dedicated them to the <ulink url="http://creativecommons.org/publicdomain/zero/1.0/"><citetitle></citetitle></ulink></para></intellectualRights></dataset><additionalMetadata><metadata><symbiota><dateStamp>2021-01-21T18:13:44-07:00</dateStamp><citation identifier="58537622-9c2c-4067-8a05-f2eeccd4dea4">Ecdysis Portal - 58537622-9c2c-4067-8a05-f2eeccd4dea4</citation><physical><characterEncoding>UTF-8</characterEncoding><dataFormat><externallyDefinedFormat><formatName>Darwin Core Archive</formatName></externallyDefinedFormat></dataFormat></physical><collection identifier="ce9fc807-ec48-4444-8586-f7432fd3f77c" id="4"><alternateIdentifier>https://serv.biokic.asu.edu/ecdysis/collections/misc/collprofiles.php?collid=4</alternateIdentifier><parentCollectionIdentifier>MAJC</parentCollectionIdentifier><collectionIdentifier>MAJC</collectionIdentifier><collectionName>M. Andrew Johnston Research Collection</collectionName><resourceLogoUrl>https://serv.biokic.asu.edu:443/ecdysis/content/collicon/majc-majc.jpg</resourceLogoUrl><onlineUrl>https://github.com/mandrewj/majc</onlineUrl><intellectualRights>http://creativecommons.org/publicdomain/zero/1.0/</intellectualRights><associatedParty><individualName> Andrew Johnston</individualName><electronicMailAddress>ajohnston@asu.edu</electronicMailAddress></associatedParty><associatedParty><individualName>Andrew Johnston</individualName><positionName>Curator and Collection Manager</positionName><electronicMailAddress>ajohnston@asu.edu</electronicMailAddress><userId>https://orcid.org/0000-0002-0166-6985</userId></associatedParty><abstract><para>The M. Andrew Johnston Research Collection is comprised primarily of beetles, especially darkling beetles (family Tenebrionidae Latreille, 1802). The MAJC has an emphasis on specimens from the southwestern deserts of North America and others pertaining to ongoing systematic research. The collection contains roughly 20,000 pinned specimens, a frozen tissue collection stored in ethanol, and full body disarticulations for morphological examination.</para></abstract></collection></symbiota></metadata></additionalMetadata></eml:eml>
